<?xml version="1.0" encoding="UTF-8"?>
<build-type xmlns:xsi="http://www.w3.org/2001/XMLSchema-instance" uuid="d1da4c07-5b67-45ed-a45d-22101f3ba1b7" xsi:noNamespaceSchemaLocation="https://www.jetbrains.com/teamcity/schemas/2021.1/project-config.xsd">
  <name>Tear down WSHA</name>
  <description />
  <settings>
    <disabled-settings>
      <setting-ref ref="TRIGGER_5" />
    </disabled-settings>
    <parameters>
      <param name="env.region" value="eastus" />
      <param name="env.rg" value="WaveHub_Labs" />
      <param name="env.wshaname" value="WSHA-Replicate" />
    </parameters>
    <build-runners>
      <runner id="RUNNER_5" name="step1:  run ansible script to tear down vm wsha" type="simpleRunner">
        <parameters>
          <param name="script.content"><![CDATA[cd %teamcity.build.checkoutDir%/wsha-scripts/
ansible-playbook teardown-wsha.yml]]></param>
          <param name="teamcity.step.mode" value="default" />
          <param name="use.custom.script" value="true" />
        </parameters>
      </runner>
    </build-runners>
    <vcs-settings>
      <vcs-entry-ref root-id="WaveSuiteLabManagement_HttpsNvancanhBitbucketOrgOpenupWasInstallationGitRefsHeadsMaster" />
    </vcs-settings>
    <requirements />
    <build-triggers>
      <build-trigger id="TRIGGER_5" type="vcsTrigger">
        <parameters>
          <param name="branchFilter" value="+:*" />
          <param name="enableQueueOptimization" value="true" />
          <param name="quietPeriodMode" value="DO_NOT_USE" />
        </parameters>
      </build-trigger>
    </build-triggers>
    <cleanup />
  </settings>
</build-type>

