<?xml version="1.0" encoding="UTF-8"?>
<build-type xmlns:xsi="http://www.w3.org/2001/XMLSchema-instance" uuid="52cd0fa7-0d95-4fb8-99a1-a4dd70d8fdae" xsi:noNamespaceSchemaLocation="https://www.jetbrains.com/teamcity/schemas/2021.1/project-config.xsd">
  <name>Support Restore WSSE</name>
  <description />
  <settings>
    <disabled-settings>
      <setting-ref ref="TRIGGER_13" />
    </disabled-settings>
    <parameters>
      <param name="env.containername" value="RestoreWSSE" />
      <param name="env.nsg" value="WaveSuite-SE-21.8-CP-nsg" />
      <param name="env.recoverypoint" value="932857702832226237" />
      <param name="env.rg" value="open-wavehub-dev" />
      <param name="env.vaultname" value="WSSEBackupVault" />
      <param name="env.wssename" value="wsse" />
    </parameters>
    <build-runners>
      <runner id="RUNNER_12" name="step1:  run ansible script to support restore WSSE" type="simpleRunner">
        <parameters>
          <param name="script.content"><![CDATA[cd %teamcity.build.checkoutDir%/wsse-scripts/
ansible-playbook support-restore-wsse.yml]]></param>
          <param name="teamcity.step.mode" value="default" />
          <param name="use.custom.script" value="true" />
        </parameters>
      </runner>
    </build-runners>
    <vcs-settings>
      <vcs-entry-ref root-id="WaveSuiteLabManagement_HttpsNvancanhBitbucketOrgOpenupWasInstallationGitRefsHeadsMaster" />
    </vcs-settings>
    <requirements />
    <build-triggers>
      <build-trigger id="TRIGGER_13" type="vcsTrigger">
        <parameters>
          <param name="branchFilter" value="+:*" />
          <param name="enableQueueOptimization" value="true" />
          <param name="quietPeriodMode" value="DO_NOT_USE" />
        </parameters>
      </build-trigger>
    </build-triggers>
    <cleanup />
  </settings>
</build-type>

