<?xml version="1.0" encoding="UTF-8"?>
<build-type xmlns:xsi="http://www.w3.org/2001/XMLSchema-instance" uuid="9b444274-ccaf-41a8-853a-9febca2683be" xsi:noNamespaceSchemaLocation="https://www.jetbrains.com/teamcity/schemas/2021.1/project-config.xsd">
  <name>Installing WSHA</name>
  <description />
  <settings>
    <parameters>
      <param name="env.region" value="%dep.WaveSuiteLabManagement_SpinningUpWsha.env.region%" />
      <param name="env.rg" value="%dep.WaveSuiteLabManagement_SpinningUpWsha.env.rg%" />
      <param name="env.wshaname" value="%dep.WaveSuiteLabManagement_SpinningUpWsha.env.wshaname%" />
    </parameters>
    <build-runners>
      <runner id="RUNNER_8" name="Step 1: Install wsha" type="simpleRunner">
        <parameters>
          <param name="script.content"><![CDATA[cd %teamcity.build.checkoutDir%/wsha-scripts/
ansible-playbook spinningup-wsha.yml]]></param>
          <param name="teamcity.step.mode" value="default" />
          <param name="use.custom.script" value="true" />
        </parameters>
      </runner>
    </build-runners>
    <vcs-settings>
      <vcs-entry-ref root-id="WaveSuiteLabManagement_HttpsNvancanhBitbucketOrgOpenupWasInstallationGitRefsHeadsMaster" />
    </vcs-settings>
    <requirements>
      <does-not-equal id="RQ_5" name="system.agent.name" value="ip_172.18.0.3" />
    </requirements>
    <build-triggers>
      <build-trigger id="TRIGGER_15" type="buildDependencyTrigger">
        <parameters>
          <param name="afterSuccessfulBuildOnly" value="true" />
          <param name="branchFilter" value="+:&lt;default&gt;" />
          <param name="dependsOn" value="WaveSuiteLabManagement_SpinningUpWsha" />
        </parameters>
      </build-trigger>
    </build-triggers>
    <dependencies>
      <depend-on sourceBuildTypeId="WaveSuiteLabManagement_SpinningUpWsha">
        <options>
          <option name="run-build-if-dependency-failed" value="RUN_ADD_PROBLEM" />
          <option name="take-started-build-with-same-revisions" value="true" />
          <option name="take-successful-builds-only" value="true" />
        </options>
      </depend-on>
    </dependencies>
    <cleanup />
  </settings>
</build-type>

