<?xml version="1.0" encoding="UTF-8"?>
<build-type xmlns:xsi="http://www.w3.org/2001/XMLSchema-instance" uuid="80c0c4c4-8e2f-4c0c-8c0d-238c39de7d0f" xsi:noNamespaceSchemaLocation="https://www.jetbrains.com/teamcity/schemas/2021.1/project-config.xsd">
  <name>Spinning Up DPA-VM</name>
  <description />
  <settings>
    <disabled-settings>
      <setting-ref ref="TRIGGER_16" />
    </disabled-settings>
    <parameters>
      <param name="env.containername" value="ReplicatedDPA" />
      <param name="env.dpaname" value="ReplicatedDPA" />
      <param name="env.policyvault" value="DefaultPolicy" />
      <param name="env.recoverypoint" value="1846901142590419352" />
      <param name="env.region" value="westeurope" />
      <param name="env.rg" value="ONC_Labs" />
      <param name="env.storagename" value="wavesuitestorageforwe" />
      <param name="env.vaultname" value="WavesuiteBackupVaultWE" />
    </parameters>
    <build-runners>
      <runner id="RUNNER_18" name="Step1: Run ansible command to replicated VM" type="simpleRunner">
        <parameters>
          <param name="script.content"><![CDATA[cd %system.teamcity.build.checkoutDir%/dpa-scripts
ansible-playbook spinningup-backupvm-dpa.yml]]></param>
          <param name="teamcity.step.mode" value="default" />
          <param name="use.custom.script" value="true" />
        </parameters>
      </runner>
    </build-runners>
    <vcs-settings>
      <vcs-entry-ref root-id="WaveSuiteLabManagement_HttpsNvancanhBitbucketOrgOpenupWasInstallationGitRefsHeadsMaster" />
    </vcs-settings>
    <requirements />
    <build-triggers>
      <build-trigger id="TRIGGER_16" type="vcsTrigger">
        <parameters>
          <param name="branchFilter" value="+:*" />
          <param name="enableQueueOptimization" value="true" />
          <param name="quietPeriodMode" value="DO_NOT_USE" />
        </parameters>
      </build-trigger>
    </build-triggers>
    <cleanup />
  </settings>
</build-type>

