<?xml version="1.0" encoding="UTF-8"?>
<build-type xmlns:xsi="http://www.w3.org/2001/XMLSchema-instance" uuid="906d5b37-ee61-43b6-b82d-761d0991ea42" xsi:noNamespaceSchemaLocation="https://www.jetbrains.com/teamcity/schemas/2021.1/project-config.xsd">
  <name>Support Backup WAS</name>
  <description />
  <settings>
    <disabled-settings>
      <setting-ref ref="TRIGGER_7" />
    </disabled-settings>
    <parameters>
      <param name="env.mastername" value="masternode" />
      <param name="env.mcontainername" value="masternode" />
      <param name="env.rg" value="open-wavehub-dev" />
      <param name="env.time" value="22-02-2027" />
      <param name="env.vaultname" value="WASBackupVault" />
      <param name="env.workername" value="workernode" />
    </parameters>
    <build-runners>
      <runner id="RUNNER_9" name="step1:  run ansible script to backup WAS" type="simpleRunner">
        <parameters>
          <param name="script.content"><![CDATA[cd %teamcity.build.checkoutDir%/was-scripts/
ansible-playbook backup-job-was.yml]]></param>
          <param name="teamcity.step.mode" value="default" />
          <param name="use.custom.script" value="true" />
        </parameters>
      </runner>
    </build-runners>
    <vcs-settings>
      <vcs-entry-ref root-id="WaveSuiteLabManagement_HttpsNvancanhBitbucketOrgOpenupWasInstallationGitRefsHeadsMaster" />
    </vcs-settings>
    <requirements />
    <build-triggers>
      <build-trigger id="TRIGGER_7" type="vcsTrigger">
        <parameters>
          <param name="branchFilter" value="+:*" />
          <param name="enableQueueOptimization" value="true" />
          <param name="quietPeriodMode" value="DO_NOT_USE" />
        </parameters>
      </build-trigger>
    </build-triggers>
    <cleanup />
  </settings>
</build-type>

