<?xml version="1.0" encoding="UTF-8"?>
<build-type xmlns:xsi="http://www.w3.org/2001/XMLSchema-instance" uuid="94eb18f5-5a11-468d-b339-fe4f0235a977" xsi:noNamespaceSchemaLocation="https://www.jetbrains.com/teamcity/schemas/2021.1/project-config.xsd">
  <name>Support Backup WSSE</name>
  <description />
  <settings>
    <disabled-settings>
      <setting-ref ref="TRIGGER_9" />
    </disabled-settings>
    <parameters>
      <param name="env.containername" value="RestoreWSSE" />
      <param name="env.rg" value="open-wavehub-dev" />
      <param name="env.time" value="22-02-2027" />
      <param name="env.vaultname" value="WSSEBackupVault" />
      <param name="env.wssename" value="wsse" />
    </parameters>
    <build-runners>
      <runner id="RUNNER_11" name="step1:  run ansible script to support backup WSSE" type="simpleRunner">
        <parameters>
          <param name="script.content"><![CDATA[cd %teamcity.build.checkoutDir%/wsse-scripts/
ansible-playbook support-backup-job-wsse.yml]]></param>
          <param name="teamcity.step.mode" value="default" />
          <param name="use.custom.script" value="true" />
        </parameters>
      </runner>
    </build-runners>
    <vcs-settings>
      <vcs-entry-ref root-id="WaveSuiteLabManagement_HttpsNvancanhBitbucketOrgOpenupWasInstallationGitRefsHeadsMaster" />
    </vcs-settings>
    <requirements />
    <build-triggers>
      <build-trigger id="TRIGGER_9" type="vcsTrigger">
        <parameters>
          <param name="branchFilter" value="+:*" />
          <param name="enableQueueOptimization" value="true" />
          <param name="quietPeriodMode" value="DO_NOT_USE" />
        </parameters>
      </build-trigger>
    </build-triggers>
    <cleanup />
  </settings>
</build-type>

