<?xml version="1.0" encoding="UTF-8"?>
<build-type xmlns:xsi="http://www.w3.org/2001/XMLSchema-instance" uuid="970ed005-8b5e-4570-b4fe-45f4bd9e5429" xsi:noNamespaceSchemaLocation="https://www.jetbrains.com/teamcity/schemas/2021.1/project-config.xsd">
  <name>Support Restore WAS</name>
  <description />
  <settings>
    <disabled-settings>
      <setting-ref ref="TRIGGER_10" />
    </disabled-settings>
    <parameters>
      <param name="env.mastername" value="masternode" />
      <param name="env.mcontainername" value="masternode" />
      <param name="env.recoverypoint" value="932465771843060931" />
      <param name="env.rg" value="open-wavehub-dev" />
      <param name="env.vaultname" value="WASBackupVault" />
      <param name="env.wcontainername" value="workernode" />
      <param name="env.workernode" value="workernode" />
    </parameters>
    <build-runners>
      <runner id="RUNNER_14" name="step1:  run ansible script to support restore WAS" type="simpleRunner">
        <parameters>
          <param name="script.content"><![CDATA[cd %teamcity.build.checkoutDir%/was-scripts/
ansible-playbook support-restore-was.yml]]></param>
          <param name="teamcity.step.mode" value="default" />
          <param name="use.custom.script" value="true" />
        </parameters>
      </runner>
    </build-runners>
    <vcs-settings>
      <vcs-entry-ref root-id="WaveSuiteLabManagement_HttpsNvancanhBitbucketOrgOpenupWasInstallationGitRefsHeadsMaster" />
    </vcs-settings>
    <requirements />
    <build-triggers>
      <build-trigger id="TRIGGER_10" type="vcsTrigger">
        <parameters>
          <param name="branchFilter" value="+:*" />
          <param name="enableQueueOptimization" value="true" />
          <param name="quietPeriodMode" value="DO_NOT_USE" />
        </parameters>
      </build-trigger>
    </build-triggers>
    <cleanup />
  </settings>
</build-type>

