<?xml version="1.0" encoding="UTF-8"?>
<build-type xmlns:xsi="http://www.w3.org/2001/XMLSchema-instance" uuid="fae5970e-2330-47ba-b98d-9f3d42cc0d3e" xsi:noNamespaceSchemaLocation="https://www.jetbrains.com/teamcity/schemas/2021.1/project-config.xsd">
  <name>Installing WSSE</name>
  <description />
  <settings>
    <parameters>
      <param name="env.region" value="%dep.WaveSuiteLabManagement_SpinningUpWsse.env.region%" />
      <param name="env.rg" value="%dep.WaveSuiteLabManagement_SpinningUpWsse.env.rg%" />
      <param name="env.wssename" value="%dep.WaveSuiteLabManagement_SpinningUpWsse.env.wssename%" />
    </parameters>
    <build-runners>
      <runner id="RUNNER_7" name="step1: install wsse" type="simpleRunner">
        <parameters>
          <param name="script.content"><![CDATA[cd %teamcity.build.checkoutDir%/wsse-scripts/
ansible-playbook spinningup-wsse.yml]]></param>
          <param name="teamcity.step.mode" value="default" />
          <param name="use.custom.script" value="true" />
        </parameters>
      </runner>
    </build-runners>
    <vcs-settings>
      <vcs-entry-ref root-id="WaveSuiteLabManagement_HttpsNvancanhBitbucketOrgOpenupWasInstallationGitRefsHeadsMaster" />
    </vcs-settings>
    <requirements />
    <build-triggers>
      <build-trigger id="TRIGGER_14" type="buildDependencyTrigger">
        <parameters>
          <param name="afterSuccessfulBuildOnly" value="true" />
          <param name="branchFilter" value="+:&lt;default&gt;" />
          <param name="dependsOn" value="WaveSuiteLabManagement_SpinningUpWsse" />
        </parameters>
      </build-trigger>
    </build-triggers>
    <dependencies>
      <depend-on sourceBuildTypeId="WaveSuiteLabManagement_SpinningUpWsse">
        <options>
          <option name="run-build-if-dependency-failed" value="RUN_ADD_PROBLEM" />
          <option name="take-started-build-with-same-revisions" value="true" />
          <option name="take-successful-builds-only" value="true" />
        </options>
      </depend-on>
    </dependencies>
    <cleanup />
  </settings>
</build-type>

