<?xml version="1.0" encoding="UTF-8"?>
<build-type xmlns:xsi="http://www.w3.org/2001/XMLSchema-instance" uuid="6ac376a6-8218-4885-bd0a-6cd51186f0c4" xsi:noNamespaceSchemaLocation="https://www.jetbrains.com/teamcity/schemas/2021.1/project-config.xsd">
  <name>Support Backup WSHA</name>
  <description />
  <settings>
    <disabled-settings>
      <setting-ref ref="TRIGGER_8" />
    </disabled-settings>
    <parameters>
      <param name="env.containername" value="RestoreWSHA" />
      <param name="env.rg" value="open-wavehub-dev" />
      <param name="env.time" value="22-02-2027" />
      <param name="env.vaultname" value="WSHABackupVault" />
      <param name="env.wshaname" value="wsha" />
    </parameters>
    <build-runners>
      <runner id="RUNNER_10" name="step1:  run ansible script to support backup WSHA" type="simpleRunner">
        <parameters>
          <param name="script.content"><![CDATA[cd %teamcity.build.checkoutDir%/wsha-scripts/
ansible-playbook support-backup-job-wsha.yml]]></param>
          <param name="teamcity.step.mode" value="default" />
          <param name="use.custom.script" value="true" />
        </parameters>
      </runner>
    </build-runners>
    <vcs-settings>
      <vcs-entry-ref root-id="WaveSuiteLabManagement_HttpsNvancanhBitbucketOrgOpenupWasInstallationGitRefsHeadsMaster" />
    </vcs-settings>
    <requirements />
    <build-triggers>
      <build-trigger id="TRIGGER_8" type="vcsTrigger">
        <parameters>
          <param name="branchFilter" value="+:*" />
          <param name="enableQueueOptimization" value="true" />
          <param name="quietPeriodMode" value="DO_NOT_USE" />
        </parameters>
      </build-trigger>
    </build-triggers>
    <cleanup />
  </settings>
</build-type>

