<?xml version="1.0" encoding="UTF-8"?>
<build-type xmlns:xsi="http://www.w3.org/2001/XMLSchema-instance" uuid="9666e1ba-05aa-4e9c-80b9-f6a53f327fe5" xsi:noNamespaceSchemaLocation="https://www.jetbrains.com/teamcity/schemas/2021.1/project-config.xsd">
  <name>Support Restore WSHA</name>
  <description />
  <settings>
    <disabled-settings>
      <setting-ref ref="TRIGGER_12" />
    </disabled-settings>
    <parameters>
      <param name="env.containername" value="RestoreWSHA" />
      <param name="env.nsg" value="WaveSuite-HA2-nsg" />
      <param name="env.recoverypoint" value="932939967347961073" />
      <param name="env.rg" value="open-wavehub-dev" />
      <param name="env.vaultname" value="WSHABackupVault" />
      <param name="env.wshaname" value="wsha" />
    </parameters>
    <build-runners>
      <runner id="RUNNER_13" name="step1:  run ansible script to support restore WSHA" type="simpleRunner">
        <parameters>
          <param name="script.content"><![CDATA[cd %teamcity.build.checkoutDir%/wsha-scripts/
ansible-playbook support-restore-wsha.yml]]></param>
          <param name="teamcity.step.mode" value="default" />
          <param name="use.custom.script" value="true" />
        </parameters>
      </runner>
    </build-runners>
    <vcs-settings>
      <vcs-entry-ref root-id="WaveSuiteLabManagement_HttpsNvancanhBitbucketOrgOpenupWasInstallationGitRefsHeadsMaster" />
    </vcs-settings>
    <requirements />
    <build-triggers>
      <build-trigger id="TRIGGER_12" type="vcsTrigger">
        <parameters>
          <param name="branchFilter" value="+:*" />
          <param name="enableQueueOptimization" value="true" />
          <param name="quietPeriodMode" value="DO_NOT_USE" />
        </parameters>
      </build-trigger>
    </build-triggers>
    <cleanup />
  </settings>
</build-type>

