<?xml version="1.0" encoding="UTF-8"?>
<build-type xmlns:xsi="http://www.w3.org/2001/XMLSchema-instance" uuid="a243e99f-17a2-4543-92c9-48b58b0405c6" xsi:noNamespaceSchemaLocation="https://www.jetbrains.com/teamcity/schemas/2021.1/project-config.xsd">
  <name>Spinning up WAS</name>
  <description />
  <settings>
    <disabled-settings>
      <setting-ref ref="TRIGGER_1" />
    </disabled-settings>
    <parameters>
      <param name="env.mastername" value="masternode" />
      <param name="env.nsg" value="MasterNode" />
      <param name="env.policyvault" value="DefaultPolicy" />
      <param name="env.region" value="eastus" />
      <param name="env.rg" value="open-wavehub-dev" />
      <param name="env.subnet" value="was" />
      <param name="env.vaultname" value="WASBackupVault" />
      <param name="env.vnet" value="open-sanity-vnet" />
      <param name="env.workername" value="workernode" />
    </parameters>
    <build-runners>
      <runner id="RUNNER_1" name="step1:  run ansible script to install was" type="simpleRunner">
        <parameters>
          <param name="script.content"><![CDATA[cd %teamcity.build.checkoutDir%/was-scripts/
ansible-playbook spinning-up-WAS.yml]]></param>
          <param name="teamcity.step.mode" value="default" />
          <param name="use.custom.script" value="true" />
        </parameters>
      </runner>
    </build-runners>
    <vcs-settings>
      <vcs-entry-ref root-id="WaveSuiteLabManagement_HttpsNvancanhBitbucketOrgOpenupWasInstallationGitRefsHeadsMaster" />
    </vcs-settings>
    <requirements />
    <build-triggers>
      <build-trigger id="TRIGGER_1" type="vcsTrigger">
        <parameters>
          <param name="branchFilter" value="+:*" />
          <param name="enableQueueOptimization" value="true" />
          <param name="quietPeriodMode" value="DO_NOT_USE" />
        </parameters>
      </build-trigger>
    </build-triggers>
    <cleanup />
  </settings>
</build-type>

