<?xml version="1.0" encoding="UTF-8"?>
<build-type xmlns:xsi="http://www.w3.org/2001/XMLSchema-instance" uuid="fdbdf1b8-397e-4e3e-868b-6a87bb782db1" xsi:noNamespaceSchemaLocation="https://www.jetbrains.com/teamcity/schemas/2021.1/project-config.xsd">
  <name>Tear Down DPA-VM</name>
  <description />
  <settings>
    <disabled-settings>
      <setting-ref ref="TRIGGER_17" />
    </disabled-settings>
    <parameters>
      <param name="env.dpaname" value="ReplicatedDPA" />
      <param name="env.region" value="westeurope" />
      <param name="env.rg" value="ONC_Labs" />
    </parameters>
    <build-runners>
      <runner id="RUNNER_19" name="" type="simpleRunner">
        <parameters>
          <param name="script.content"><![CDATA[cd %system.teamcity.build.checkoutDir%/dpa-scripts
ansible-playbook teardown-dpa.yml]]></param>
          <param name="teamcity.step.mode" value="default" />
          <param name="use.custom.script" value="true" />
        </parameters>
      </runner>
    </build-runners>
    <vcs-settings>
      <vcs-entry-ref root-id="WaveSuiteLabManagement_HttpsNvancanhBitbucketOrgOpenupWasInstallationGitRefsHeadsMaster" />
    </vcs-settings>
    <requirements />
    <build-triggers>
      <build-trigger id="TRIGGER_17" type="vcsTrigger">
        <parameters>
          <param name="branchFilter" value="+:*" />
          <param name="enableQueueOptimization" value="true" />
          <param name="quietPeriodMode" value="DO_NOT_USE" />
        </parameters>
      </build-trigger>
    </build-triggers>
    <cleanup />
  </settings>
</build-type>

