<?xml version="1.0" encoding="UTF-8"?>
<build-type xmlns:xsi="http://www.w3.org/2001/XMLSchema-instance" uuid="e1d31236-16d5-46ec-a93a-454a4737f022" xsi:noNamespaceSchemaLocation="https://www.jetbrains.com/teamcity/schemas/2021.1/project-config.xsd">
  <name>Spinning up WSHA</name>
  <description />
  <settings>
    <parameters>
      <param name="env.containername" value="RestoreWSHA" />
      <param name="env.policyvault" value="DefaultPolicy" />
      <param name="env.recoverypoint" value="932933657762846024" />
      <param name="env.region" value="eastus" />
      <param name="env.rg" value="WaveHub_Labs" />
      <param name="env.storagename" value="tonyrestorestorage" />
      <param name="env.vaultname" value="WSHABackupVault" />
      <param name="env.wshaname" value="RestoreWSHA" />
    </parameters>
    <build-runners>
      <runner id="RUNNER_3" name="step1:  run ansible script to restore replicate wsha" type="simpleRunner">
        <parameters>
          <param name="script.content"><![CDATA[cd %teamcity.build.checkoutDir%/wsha-scripts/
ansible-playbook restore-backupvm-wsha.yml]]></param>
          <param name="teamcity.step.mode" value="default" />
          <param name="use.custom.script" value="true" />
        </parameters>
      </runner>
    </build-runners>
    <vcs-settings>
      <vcs-entry-ref root-id="WaveSuiteLabManagement_HttpsNvancanhBitbucketOrgOpenupWasInstallationGitRefsHeadsMaster" />
    </vcs-settings>
    <requirements>
      <equals id="RQ_3" name="system.agent.name" value="agent1" />
    </requirements>
    <build-triggers />
    <cleanup />
  </settings>
</build-type>

