<?xml version="1.0" encoding="UTF-8"?>
<build-type xmlns:xsi="http://www.w3.org/2001/XMLSchema-instance" uuid="27f2e8bf-cae8-40be-b9b2-fb7bffa59cab" xsi:noNamespaceSchemaLocation="https://www.jetbrains.com/teamcity/schemas/2021.1/project-config.xsd">
  <name>Tear down WAS</name>
  <description />
  <settings>
    <disabled-settings>
      <setting-ref ref="TRIGGER_2" />
    </disabled-settings>
    <parameters>
      <param name="env.mastername" value="masternode" />
      <param name="env.region" value="eastus" />
      <param name="env.rg" value="open-sanity-vnet" />
      <param name="env.workername" value="workernode" />
    </parameters>
    <build-runners>
      <runner id="RUNNER_2" name="step1:  run ansible script to tear down vm" type="simpleRunner">
        <parameters>
          <param name="script.content"><![CDATA[cd %teamcity.build.checkoutDir%/was-scripts/
ansible-playbook tear-down-WAS.yml]]></param>
          <param name="teamcity.step.mode" value="default" />
          <param name="use.custom.script" value="true" />
        </parameters>
      </runner>
    </build-runners>
    <vcs-settings>
      <vcs-entry-ref root-id="WaveSuiteLabManagement_HttpsNvancanhBitbucketOrgOpenupWasInstallationGitRefsHeadsMaster" />
    </vcs-settings>
    <requirements />
    <build-triggers>
      <build-trigger id="TRIGGER_2" type="vcsTrigger">
        <parameters>
          <param name="branchFilter" value="+:*" />
          <param name="enableQueueOptimization" value="true" />
          <param name="quietPeriodMode" value="DO_NOT_USE" />
        </parameters>
      </build-trigger>
    </build-triggers>
    <cleanup />
  </settings>
</build-type>

