<?xml version="1.0" encoding="UTF-8"?>
<vcs-root xmlns:xsi="http://www.w3.org/2001/XMLSchema-instance" uuid="e1786dde-af1b-4380-aa63-7f072d1aff4c" type="jetbrains.git" xsi:noNamespaceSchemaLocation="https://www.jetbrains.com/teamcity/schemas/2021.1/project-config.xsd">
  <name>git@bitbucket.org:openup/was_installation.git</name>
  <param name="agentCleanFilesPolicy" value="ALL_UNTRACKED" />
  <param name="agentCleanPolicy" value="ON_BRANCH_CHANGE" />
  <param name="authMethod" value="TEAMCITY_SSH_KEY" />
  <param name="branch" value="refs/heads/master" />
  <param name="ignoreKnownHosts" value="true" />
  <param name="secure:password" value="" />
  <param name="submoduleCheckout" value="CHECKOUT" />
  <param name="teamcity:branchSpec" value="refs/heads/*" />
  <param name="teamcitySshKey" value="bitbucket" />
  <param name="url" value="git@bitbucket.org:openup/was_installation.git" />
  <param name="useAlternates" value="AUTO" />
  <param name="username" value="nvancanh" />
  <param name="usernameStyle" value="USERID" />
</vcs-root>

