<?xml version="1.0" encoding="UTF-8"?>
<build-type xmlns:xsi="http://www.w3.org/2001/XMLSchema-instance" uuid="e1d31236-16d5-46ec-a93a-454a4737f022" xsi:noNamespaceSchemaLocation="https://www.jetbrains.com/teamcity/schemas/2021.1/project-config.xsd">
  <name>Replicate WSHA VM</name>
  <description />
  <settings>
    <disabled-settings>
      <setting-ref ref="TRIGGER_3" />
    </disabled-settings>
    <parameters>
      <param name="env.name" value="RestoreWSHA" />
      <param name="env.rg" value="WaveHub_Labs" />
    </parameters>
    <build-runners>
      <runner id="RUNNER_3" name="step1:  run ansible script to restore replicate wsha" type="simpleRunner">
        <parameters>
          <param name="script.content"><![CDATA[cd %teamcity.build.checkoutDir%/wsha-scripts/
ansible-playbook restore-backupvm-wsha.yml]]></param>
          <param name="teamcity.step.mode" value="default" />
          <param name="use.custom.script" value="true" />
        </parameters>
      </runner>
    </build-runners>
    <vcs-settings>
      <vcs-entry-ref root-id="WasInstallation_HttpsNvancanhBitbucketOrgOpenupWasInstallationGitRefsHeadsMaster" />
    </vcs-settings>
    <requirements>
      <equals id="RQ_3" name="system.agent.name" value="agent1" />
    </requirements>
    <build-triggers>
      <build-trigger id="TRIGGER_3" type="vcsTrigger">
        <parameters>
          <param name="branchFilter" value="+:*" />
          <param name="enableQueueOptimization" value="true" />
          <param name="quietPeriodMode" value="DO_NOT_USE" />
        </parameters>
      </build-trigger>
    </build-triggers>
    <cleanup />
  </settings>
</build-type>

