<?xml version="1.0" encoding="UTF-8"?>
<build-type xmlns:xsi="http://www.w3.org/2001/XMLSchema-instance" uuid="d00f2496-dc9a-497b-acb6-e09b315216bb" xsi:noNamespaceSchemaLocation="https://www.jetbrains.com/teamcity/schemas/2021.1/project-config.xsd">
  <name>Tear down WSSE</name>
  <description />
  <settings>
    <disabled-settings>
      <setting-ref ref="TRIGGER_6" />
    </disabled-settings>
    <parameters>
      <param name="env.name" value="wsse" />
      <param name="env.rg" value="WaveHub_Labs" />
    </parameters>
    <build-runners>
      <runner id="RUNNER_6" name="step1:  run script ansible to tear down wsse" type="simpleRunner">
        <parameters>
          <param name="script.content"><![CDATA[cd %teamcity.build.checkoutDir%/wsse-scripts/
ansible-playbook teardown-wsse.yml]]></param>
          <param name="teamcity.step.mode" value="default" />
          <param name="use.custom.script" value="true" />
        </parameters>
      </runner>
    </build-runners>
    <vcs-settings>
      <vcs-entry-ref root-id="WasInstallation_HttpsNvancanhBitbucketOrgOpenupWasInstallationGitRefsHeadsMaster" />
    </vcs-settings>
    <requirements />
    <build-triggers>
      <build-trigger id="TRIGGER_6" type="vcsTrigger">
        <parameters>
          <param name="branchFilter" value="+:*" />
          <param name="enableQueueOptimization" value="true" />
          <param name="quietPeriodMode" value="DO_NOT_USE" />
        </parameters>
      </build-trigger>
    </build-triggers>
    <cleanup />
  </settings>
</build-type>

