<?xml version="1.0" encoding="UTF-8"?>
<build-type xmlns:xsi="http://www.w3.org/2001/XMLSchema-instance" uuid="4c34370c-9794-4c48-8021-55995b7c3cd3" xsi:noNamespaceSchemaLocation="https://www.jetbrains.com/teamcity/schemas/2021.1/project-config.xsd">
  <name>Replicate WSSE VM</name>
  <description />
  <settings>
    <disabled-settings>
      <setting-ref ref="TRIGGER_4" />
    </disabled-settings>
    <parameters>
      <param name="env.name" value="ReplicatedWSSE" />
      <param name="env.rg" value="WaveHub_Labs" />
    </parameters>
    <build-runners>
      <runner id="RUNNER_4" name="step1:  run script ansible to restore replicate wsse" type="simpleRunner">
        <parameters>
          <param name="script.content"><![CDATA[cd %teamcity.build.checkoutDir%/wsse-scripts/
ansible-playbook restore-backupvm-wsse.yml]]></param>
          <param name="teamcity.step.mode" value="default" />
          <param name="use.custom.script" value="true" />
        </parameters>
      </runner>
    </build-runners>
    <vcs-settings>
      <vcs-entry-ref root-id="WasInstallation_HttpsNvancanhBitbucketOrgOpenupWasInstallationGitRefsHeadsMaster" />
    </vcs-settings>
    <requirements>
      <equals id="RQ_4" name="system.agent.name" value="agent2" />
    </requirements>
    <build-triggers>
      <build-trigger id="TRIGGER_4" type="vcsTrigger">
        <parameters>
          <param name="branchFilter" value="+:*" />
          <param name="enableQueueOptimization" value="true" />
          <param name="quietPeriodMode" value="DO_NOT_USE" />
        </parameters>
      </build-trigger>
    </build-triggers>
    <cleanup />
  </settings>
</build-type>

