<?xml version="1.0" encoding="UTF-8"?>
<project xmlns:xsi="http://www.w3.org/2001/XMLSchema-instance" uuid="6981fb52-0b62-4965-8613-f6d32b9964d7" xsi:noNamespaceSchemaLocation="https://www.jetbrains.com/teamcity/schemas/2021.1/project-config.xsd">
  <name>WaveSuite Lab Management</name>
  <parameters />
  <project-extensions>
    <extension id="PROJECT_EXT_2" type="IssueTracker">
      <parameters>
        <param name="authType" value="loginpassword" />
        <param name="name" value="openup/was_installation" />
        <param name="pattern" value="#(\d+)" />
        <param name="repository" value="https://bitbucket.org/openup/was_installation" />
        <param name="secure:password" value="zxxbaffe161c7cd7155a35dabcdc681d50d" />
        <param name="type" value="BitBucketIssues" />
        <param name="username" value="nvancanh" />
      </parameters>
    </extension>
  </project-extensions>
  <cleanup />
</project>

