<root>
  <page path="/systemProblems.html">
    <usage userId="1" timestamp="1642071714112" />
  </page>
  <page path="/admin/vcsRootHealthStatusItems.html">
    <usage userId="1" timestamp="1642071600258" />
  </page>
  <page path="/agentDetails.html">
    <usage userId="1" timestamp="1642069507406" />
  </page>
  <page path="/admin/createObjectFromUrl.html">
    <usage userId="1" timestamp="1642070903532" />
  </page>
  <page path="/buildTypeInvestigationDialog.html">
    <usage userId="1" timestamp="1642061160373" />
  </page>
  <page path="/admin/editProject.html?tab=projectVcsRoots">
    <usage userId="1" timestamp="1642071697288" />
  </page>
  <page path="/projectPopup.html">
    <usage userId="1" timestamp="1642060380269" />
  </page>
  <page path="/showBuildTupesPopup.html">
    <usage userId="1" timestamp="1642069722898" />
  </page>
  <page path="/admin/editRunType.html">
    <usage userId="1" timestamp="1642058994638" />
  </page>
  <page path="/viewType.html?tab=buildTypeHistoryList">
    <usage userId="1" timestamp="1642060649272" />
  </page>
  <page path="/agents.html">
    <usage userId="1" timestamp="1642039728051" />
  </page>
  <page path="/agentDetails.html?tab=agentHistory">
    <usage userId="1" timestamp="1642069517500" />
  </page>
  <page path="/admin/editProject.html?tab=ssh-manager">
    <usage userId="1" timestamp="1642071378991" />
  </page>
  <page path="/viewType.html?tab=buildTypeSettings">
    <usage userId="1" timestamp="1642063170008" />
  </page>
  <page path="/admin/admin.html">
    <usage userId="1" timestamp="1642071347437" />
  </page>
  <page path="/">
    <usage userId="1" timestamp="1642069219093" />
  </page>
  <page path="/runCustomBuild.html">
    <usage userId="1" timestamp="1642062263312" />
  </page>
  <page path="/admin/createProject.html">
    <usage userId="1" timestamp="1642070897376" />
  </page>
  <page path="/admin/editBuild.html">
    <usage userId="1" timestamp="1642069881623" />
  </page>
  <page path="/admin/editBuildTypeVcsRoots.html">
    <usage userId="1" timestamp="1642063107914" />
  </page>
  <page path="/admin/editVcsRoot.html">
    <usage userId="1" timestamp="1642071598858" />
  </page>
  <page path="/admin/projectHealthStatusItems.html">
    <usage userId="1" timestamp="1642071698982" />
  </page>
  <page path="/buildResultsSummary.html">
    <usage userId="1" timestamp="1642063040341" />
  </page>
  <page path="/viewType.html?tab=compatibilityList">
    <usage userId="1" timestamp="1642060561407" />
  </page>
  <page path="/admin/createObjectMenu.html">
    <usage userId="1" timestamp="1642070739357" />
  </page>
  <page path="/admin/editProject.html?tab=issueTrackers">
    <usage userId="1" timestamp="1642070012822" />
  </page>
  <page path="/admin/discoverRunners.html">
    <usage userId="1" timestamp="1642040749524" />
  </page>
  <page path="/projectHealthStatusItems.html">
    <usage userId="1" timestamp="1642070295436" />
  </page>
  <page path="/admin/editBuildRunners.html">
    <usage userId="1" timestamp="1642059784666" />
  </page>
  <page path="/admin/editProject.html?tab=usagesReport">
    <usage userId="1" timestamp="1642070020307" />
  </page>
  <page path="/viewType.html?tab=pendingChangesDiv">
    <usage userId="1" timestamp="1642067249940" />
  </page>
  <page path="/limitedPendingChangesLink.html">
    <usage userId="1" timestamp="1642071712060" />
  </page>
  <page path="/project.html">
    <usage userId="1" timestamp="1642070294284" />
  </page>
  <page path="/admin/editTriggers.html">
    <usage userId="1" timestamp="1642060217022" />
  </page>
  <page path="/admin/editProject.html">
    <usage userId="1" timestamp="1642071357941" />
  </page>
  <page path="/buildTypePopup.html">
    <usage userId="1" timestamp="1642060957064" />
  </page>
  <page path="/changesLink.html">
    <usage userId="1" timestamp="1642066406637" />
  </page>
  <page path="/changesPopup.html">
    <usage userId="1" timestamp="1642061173865" />
  </page>
  <page path="/viewType.html">
    <usage userId="1" timestamp="1642069876139" />
  </page>
  <page path="/overview.html">
    <usage userId="1" timestamp="1642071703230" />
  </page>
  <page path="/changes.html">
    <usage userId="1" timestamp="1642070255116" />
  </page>
  <page path="/project.html?tab=projectOverview">
    <usage userId="1" timestamp="1642070203549" />
  </page>
  <page path="/admin/buildTypeHealthStatusItems.html">
    <usage userId="1" timestamp="1642069883183" />
  </page>
  <page path="/viewType.html?tab=buildTypeStatusDiv">
    <usage userId="1" timestamp="1642060656853" />
  </page>
  <page path="/showJsp.html">
    <usage userId="1" timestamp="1642062255172" />
  </page>
  <page path="/admin/objectSetup.html">
    <usage userId="1" timestamp="1642040669421" />
  </page>
  <page path="/buildTypeHealthStatusItems.html">
    <usage userId="1" timestamp="1642069877610" />
  </page>
  <page path="/admin/editProject.html?tab=projectSuggestions">
    <usage userId="1" timestamp="1642071566564" />
  </page>
</root>