<?xml version="1.0" encoding="UTF-8"?>
<server rootURL="http://20.123.140.188:8111" uuid="561d483d-45c3-4d62-b752-38264576ebb7">
  <version number="976" />
  <connected-servers />
  <encryption-settings encryption-key="DEFAULT" encryption-strategy="DEFAULT" />
  <domain-isolation protection-enabled="true" />
  <artifacts maxArtifactSize="314572800" maxArtifactsNumber="1000" artifact-paths="system/artifacts" />
  <build-settings executionTimeout="0" />
  <db-compact enabled="true">
    <scheduler cron="0 0 3 * * ?" />
  </db-compact>
  <vcs-settings modification-check-interval="60" quiet-period="60" />
  <comment-transformation>
    <transformation-pattern search="((https?://|ftp://|file://|mailto:)[\w`~@#$%^&amp;*\-=|/{}()\[\];:'?\.\+!,\\]+(?&lt;=[^\.,:;&quot;'`\)\]}]))" replace="&lt;a target=&quot;_blank&quot; rel=&quot;noreferrer&quot; title=&quot;Click to open this link in a new window&quot; href=&quot;$1&quot;&gt;$1&lt;/a&gt;" description="Links transformation" />
    <transformation-pattern search="(&#xD;?&#xA;|&#xD;)" replace="&lt;br/&gt;" description="Line feed transformation" />
  </comment-transformation>
</server>

