<?xml version="1.0" encoding="UTF-8"?>
<vcs-root xmlns:xsi="http://www.w3.org/2001/XMLSchema-instance" uuid="c6a97e69-6665-402f-aa3a-f194dd94c7ab" type="jetbrains.git" xsi:noNamespaceSchemaLocation="https://www.jetbrains.com/teamcity/schemas/2021.1/project-config.xsd">
  <name>https://nvancanh@bitbucket.org/openup/was_installation.git#refs/heads/master (1)</name>
  <param name="agentCleanFilesPolicy" value="ALL_UNTRACKED" />
  <param name="agentCleanPolicy" value="ON_BRANCH_CHANGE" />
  <param name="authMethod" value="PASSWORD" />
  <param name="branch" value="refs/heads/master" />
  <param name="ignoreKnownHosts" value="true" />
  <param name="secure:password" value="zxx8fd3f4429995dea053eb49b336366d27" />
  <param name="submoduleCheckout" value="CHECKOUT" />
  <param name="teamcity:branchSpec" value="refs/heads/*" />
  <param name="url" value="https://nvancanh@bitbucket.org/openup/was_installation.git" />
  <param name="useAlternates" value="AUTO" />
  <param name="username" value="nvancanh@tma.com.vn" />
  <param name="usernameStyle" value="USERID" />
</vcs-root>

